Número,Nome,Tipo 1,Tipo 2,Vida,Ataque,Defesa,Atq. especial,Def. especial,Velocidade,Total,Geração,Lendário?
1,Bulbasaur,Grass,Poison,45,49,49,65,65,45,318,1,False
2,Ivysaur,Grass,Poison,60,62,63,80,80,60,405,1,False
3,Venusaur,Grass,Poison,80,82,83,100,100,80,525,1,False
3,Mega Venusaur,Grass,Poison,80,100,123,122,120,80,625,1,False
3,Gigantamax Venusaur,Grass,Poison,80,82,83,100,100,80,525,1,False
4,Charmander,Fire,Fire,39,52,43,60,50,65,309,1,False
5,Charmeleon,Fire,Fire,58,64,58,80,65,80,405,1,False
6,Charizard,Fire,Flying,78,84,78,109,85,100,534,1,False
6,Mega Charizard X,Fire,Dragon,78,130,111,130,85,100,634,1,False
6,Mega Charizard Y,Fire,Flying,78,104,78,159,115,100,634,1,False
6,Gigantamax Charizard,Fire,Flying,78,84,78,109,85,100,534,1,False
7,Squirtle,Water,Water,44,48,65,50,64,43,314,1,False
8,Wartortle,Water,Water,59,63,80,65,80,58,405,1,False
9,Blastoise,Water,Water,79,83,100,85,105,78,530,1,False
9,Mega Blastoise,Water,Water,79,103,120,135,115,78,630,1,False
9,Gigantamax Blasoise,Blastoise,Water,79,83,100,85,105,78,530,1,False
10,Caterpie,Bug,Bug,45,30,35,20,20,45,195,1,False
11,Metapod,Bug,Bug,50,20,55,25,25,30,205,1,False
12,Butterfree,Bug,Flying,60,45,50,90,80,70,395,1,False
12,Gigantamax Butterfree,Bug,Flying,60,45,50,90,80,70,395,1,False
13,Weedle,Bug,Poison,40,35,30,20,20,50,195,1,False
14,Kakuna,Bug,Poison,45,25,50,25,25,35,205,1,False
15,Beedrill,Bug,Poison,65,90,40,45,80,75,395,1,False
15,Mega Beedrill,Bug,Poison,65,150,40,15,80,145,495,1,False
16,Pidgey,Normal,Flying,40,45,40,35,35,56,251,1,False
17,Pidgeotto,Normal,Flying,63,60,55,50,50,71,349,1,False
18,Pidgeot,Normal,Flying,83,80,75,70,70,101,479,1,False
18,Mega Pidgeot,Normal,Flying,83,80,80,135,80,121,579,1,False
19,Rattata,Normal,Normal,30,56,35,25,35,72,253,1,False
19,Alolan Rattata,Dark,Normal,30,56,35,25,35,72,253,7,False
20,Raticate,Normal,Normal,55,81,60,50,70,97,413,1,False
20,Alolan Raticate,Dark,Normal,75,71,70,40,80,77,413,7,False
21,Spearow,Normal,Flying,40,60,30,31,31,70,262,1,False
22,Fearow,Normal,Flying,65,90,65,61,61,100,442,1,False
23,Ekans,Poison,Poison,35,60,44,40,54,55,288,1,False
24,Arbok,Poison,Poison,60,85,69,65,79,80,438,1,False
25,Pikachu,Electric,Electric,35,55,40,50,50,90,320,1,False
25,Gigantamax Pikachu,Electric,Electric,35,55,40,50,50,90,320,1,False
26,Raichu,Electric,Electric,60,90,55,90,80,110,485,1,False
26,Alolan Raichu,Electric,Psychic,60,85,50,95,85,110,485,7,False
27,Sandshrew,Ground,Ground,50,75,85,20,30,40,300,1,False
27,Alolan Sandshrew,Ice,Steel,50,75,90,10,35,40,300,7,False
28,Sandslash,Ground,Ground,75,100,110,45,55,65,450,1,False
28,Alolan Sandslash,Ice,Steel,75,100,120,25,65,65,450,7,False
29,Nidoranâ,Poison,Poison,55,47,52,40,40,41,275,1,False
30,Nidorina,Poison,Poison,70,62,67,55,55,56,365,1,False
31,Nidoqueen,Poison,Ground,90,92,87,75,85,76,505,1,False
32,Nidoranâ,Poison,Poison,46,57,40,40,40,50,273,1,False
33,Nidorino,Poison,Poison,61,72,57,55,55,65,365,1,False
34,Nidoking,Poison,Ground,81,102,77,85,75,85,505,1,False
35,Clefairy,Fairy,Fairy,70,45,48,60,65,35,323,1,False
36,Clefable,Fairy,Fairy,95,70,73,95,90,60,483,1,False
37,Vulpix,Fire,Fire,38,41,40,50,65,65,299,1,False
37,Alolan Vulpix,Ice,Ice,38,41,40,50,65,65,299,7,False
38,Ninetales,Fire,Fire,73,76,75,81,100,100,505,1,False
38,Alolan Ninetales,Ice,Fairy,73,67,75,81,100,109,505,7,False
39,Jigglypuff,Normal,Fairy,115,45,20,45,25,20,270,1,False
40,Wigglytuff,Normal,Fairy,140,70,45,85,50,45,435,1,False
41,Zubat,Poison,Flying,40,45,35,30,40,55,245,1,False
42,Golbat,Poison,Flying,75,80,70,65,75,90,455,1,False
43,Oddish,Grass,Poison,45,50,55,75,65,30,320,1,False
44,Gloom,Grass,Poison,60,65,70,85,75,40,395,1,False
45,Vileplume,Grass,Poison,75,80,85,110,90,50,490,1,False
46,Paras,Bug,Grass,35,70,55,45,55,25,285,1,False
47,Parasect,Bug,Grass,60,95,80,60,80,30,405,1,False
48,Venonat,Bug,Poison,60,55,50,40,55,45,305,1,False
49,Venomoth,Bug,Poison,70,65,60,90,75,90,450,1,False
50,Diglett,Ground,Ground,10,55,25,35,45,95,265,1,False
50,Alolan Diglett,Ground,Steel,10,55,30,35,45,90,265,7,False
51,Dugtrio,Ground,Ground,35,80,50,50,70,120,405,1,False
51,Alolan Dugtrio,Ground,Steel,35,100,60,50,70,110,425,7,False
52,Meowth,Normal,Normal,40,45,35,40,40,90,290,1,False
53,Gigantamax Meowth,Normal,Normal,40,45,35,40,40,90,290,1,False
52,Alolan Meowth,Dark,Dark,40,35,35,50,40,90,290,7,False
52,Galarian Meowth,Steel,Steel,50,65,55,40,40,40,290,8,False
53,Persian,Normal,Normal,65,70,60,65,65,115,440,1,False
53,Alolan Persian,Dark,Dark,65,60,60,75,65,115,440,7,False
54,Psyduck,Water,Water,50,52,48,65,50,55,320,1,False
55,Golduck,Water,Water,80,82,78,95,80,85,500,1,False
56,Mankey,Fighting,Fighting,40,80,35,35,45,70,305,1,False
57,Primeape,Fighting,Fighting,65,105,60,60,70,95,455,1,False
58,Growlithe,Fire,Fire,55,70,45,70,50,60,350,1,False
59,Arcanine,Fire,Fire,90,110,80,100,80,95,555,1,False
60,Poliwag,Water,Water,40,50,40,40,40,90,300,1,False
61,Poliwhirl,Water,Water,65,65,65,50,50,90,385,1,False
62,Poliwrath,Water,Fighting,90,95,95,70,90,70,510,1,False
63,Abra,Psychic,Psychic,25,20,15,105,55,90,310,1,False
64,Kadabra,Psychic,Psychic,40,35,30,120,70,105,400,1,False
65,Alakazam,Psychic,Psychic,55,50,45,135,95,120,500,1,False
65,Mega Alakazam,Psychic,Psychic,55,50,65,175,95,150,590,1,False
66,Machop,Fighting,Fighting,70,80,50,35,35,35,305,1,False
67,Machoke,Fighting,Fighting,80,100,70,50,60,45,405,1,False
68,Machamp,Fighting,Fighting,90,130,80,65,85,55,505,1,False
68,Gigantamax Machamp,Fighting,Fighting,90,130,80,65,85,55,505,1,False
69,Bellsprout,Grass,Poison,50,75,35,70,30,40,300,1,False
70,Weepinbell,Grass,Poison,65,90,50,85,45,55,390,1,False
71,Victreebel,Grass,Poison,80,105,65,100,70,70,490,1,False
72,Tentacool,Water,Poison,40,40,35,50,100,70,335,1,False
73,Tentacruel,Water,Poison,80,70,65,80,120,100,515,1,False
74,Geodude,Rock,Ground,40,80,100,30,30,20,300,1,False
74,Alolan Geodude,Rock,Electric,40,80,100,30,30,20,300,7,False
75,Graveler,Rock,Ground,55,95,115,45,45,35,390,1,False
75,Alolan Graveler,Rock,Electric,55,95,115,45,45,35,390,7,False
76,Golem,Rock,Ground,80,120,130,55,65,45,495,1,False
76,Alolan Golem,Rock,Electric,80,120,130,55,65,45,495,7,False
77,Ponyta,Fire,Fire,50,85,55,65,65,90,410,1,False
77,Galarian Ponyta,Psychic,Fairy,50,85,55,65,65,90,410,8,False
78,Rapidash,Fire,Fire,65,100,70,80,80,105,500,1,False
78,Galarian Rapidash,Psychic,Fairy,65,100,70,80,80,105,500,8,False
79,Slowpoke,Water,Psychic,90,65,65,40,40,15,315,1,False
79,Galarian Slowpoke,Psychic,Psychic,90,65,65,40,40,15,315,8,False
80,Slowbro,Water,Psychic,95,75,110,100,80,30,490,1,False
80,Galarian Slowbro,Poison,Psychic,95,100,95,100,70,30,490,8,False
80,Mega Slowbro,Water,Psychic,95,75,180,130,80,30,590,1,False
81,Magnemite,Electric,Steel,25,35,70,95,55,45,325,1,False
82,Magneton,Electric,Steel,50,60,95,120,70,70,465,1,False
83,Farfetch'd,Normal,Flying,52,90,55,58,62,60,352,1,False
83,Galarian Farfetched,Fighting,Fighting,52,95,55,58,62,55,377,8,False
84,Doduo,Normal,Flying,35,85,45,35,35,75,310,1,False
85,Dodrio,Normal,Flying,60,110,70,60,60,100,460,1,False
86,Seel,Water,Water,65,45,55,45,70,45,325,1,False
87,Dewgong,Water,Ice,90,70,80,70,95,70,475,1,False
88,Grimer,Poison,Poison,80,80,50,40,50,25,325,1,False
88,Alolan Grimer,Poison,Dark,80,80,50,40,50,25,325,7,False
89,Muk,Poison,Poison,105,105,75,65,100,50,500,1,False
89,Alolan Muk,Poison,Dark,105,105,75,65,100,50,500,7,False
90,Shellder,Water,Water,30,65,100,45,25,40,305,1,False
91,Cloyster,Water,Ice,50,95,180,85,45,70,525,1,False
92,Gastly,Ghost,Poison,30,35,30,100,35,80,310,1,False
93,Haunter,Ghost,Poison,45,50,45,115,55,95,405,1,False
94,Gengar,Ghost,Poison,60,65,60,130,75,110,500,1,False
94,Mega Gengar,Ghost,Poison,60,65,80,170,95,130,600,1,False
94,Gigantamax Gengar,Ghost,Poison,60,65,60,130,75,110,500,1,False
95,Onix,Rock,Ground,35,45,160,30,45,70,385,1,False
96,Drowzee,Psychic,Psychic,60,48,45,43,90,42,328,1,False
97,Hypno,Psychic,Psychic,85,73,70,73,115,67,483,1,False
98,Krabby,Water,Water,30,105,90,25,25,50,325,1,False
99,Kingler,Water,Water,55,130,115,50,50,75,475,1,False
99,Gigantamax Kingler,Water,Water,55,130,115,50,50,75,475,1,False
100,Voltorb,Electric,Electric,40,30,50,55,55,100,330,1,False
101,Electrode,Electric,Electric,60,50,70,80,80,140,480,1,False
102,Exeggcute,Grass,Psychic,60,40,80,60,45,40,325,1,False
103,Exeggutor,Grass,Psychic,95,95,85,125,65,55,520,1,False
103,Alolan Exeggutor,Grass,Dragon,95,105,85,125,75,45,530,7,False
104,Cubone,Ground,Ground,50,50,95,40,50,35,320,1,False
105,Marowak,Ground,Ground,60,80,110,50,80,45,425,1,False
105,Alolan Marowak,Fire,Ghost,60,80,110,50,80,45,425,7,False
106,Hitmonlee,Fighting,Fighting,50,120,53,35,110,87,455,1,False
107,Hitmonchan,Fighting,Fighting,50,105,79,35,110,76,455,1,False
108,Lickitung,Normal,Normal,90,55,75,60,75,30,385,1,False
109,Koffing,Poison,Poison,40,65,95,60,45,35,340,1,False
110,Weezing,Poison,Poison,65,90,120,85,70,60,490,1,False
110,Galarian Weezing,Poison,Fairy,65,90,120,85,70,60,490,8,False
111,Rhyhorn,Ground,Rock,80,85,95,30,30,25,345,1,False
112,Rhydon,Ground,Rock,105,130,120,45,45,40,485,1,False
113,Chansey,Normal,Normal,250,5,5,35,105,50,450,1,False
114,Tangela,Grass,Grass,65,55,115,100,40,60,435,1,False
115,Kangaskhan,Normal,Normal,105,95,80,40,80,90,490,1,False
115,Mega Kangaskhan,Normal,Normal,105,125,100,60,100,100,590,1,False
116,Horsea,Water,Water,30,40,70,70,25,60,295,1,False
117,Seadra,Water,Water,55,65,95,95,45,85,440,1,False
118,Goldeen,Water,Water,45,67,60,35,50,63,320,1,False
119,Seaking,Water,Water,80,92,65,65,80,68,450,1,False
120,Staryu,Water,Water,30,45,55,70,55,85,340,1,False
121,Starmie,Water,Psychic,60,75,85,100,85,115,520,1,False
122,Mr. Mime,Psychic,Fairy,40,45,65,100,120,90,460,1,False
122,Galarian Mr. Mime,Ice,Psychic,50,65,65,90,90,100,460,8,False
123,Scyther,Bug,Flying,70,110,80,55,80,105,500,1,False
124,Jynx,Ice,Psychic,65,50,35,115,95,95,455,1,False
125,Electabuzz,Electric,Electric,65,83,57,95,85,105,490,1,False
126,Magmar,Fire,Fire,65,95,57,100,85,93,495,1,False
127,Pinsir,Bug,Bug,65,125,100,55,70,85,500,1,False
127,Mega Pinsir,Bug,Flying,65,155,120,65,90,105,600,1,False
128,Tauros,Normal,Normal,75,100,95,40,70,110,490,1,False
129,Magikarp,Water,Water,20,10,55,15,20,80,200,1,False
130,Gyarados,Water,Flying,95,125,79,60,100,81,540,1,False
130,Mega Gyarados,Water,Dark,95,155,109,70,130,81,640,1,False
131,Lapras,Water,Ice,130,85,80,85,95,60,535,1,False
131,Gigantamax Lapras,Water,Ice,130,85,80,85,95,60,535,1,False
132,Ditto,Normal,Normal,48,48,48,48,48,48,288,1,False
133,Eevee,Normal,Normal,55,55,50,45,65,55,325,1,False
133,Gigantamax Eevee,Normal,Normal,55,55,50,45,65,55,325,1,False
134,Vaporeon,Water,Water,130,65,60,110,95,65,525,1,False
135,Jolteon,Electric,Electric,65,65,60,110,95,130,525,1,False
136,Flareon,Fire,Fire,65,130,60,95,110,65,525,1,False
137,Porygon,Normal,Normal,65,60,70,85,75,40,395,1,False
138,Omanyte,Rock,Water,35,40,100,90,55,35,355,1,False
139,Omastar,Rock,Water,70,60,125,115,70,55,495,1,False
140,Kabuto,Rock,Water,30,80,90,55,45,55,355,1,False
141,Kabutops,Rock,Water,60,115,105,65,70,80,495,1,False
142,Aerodactyl,Rock,Flying,80,105,65,60,75,130,515,1,False
142,Mega Aerodactyl,Rock,Flying,80,135,85,70,95,150,615,1,False
143,Snorlax,Normal,Normal,160,110,65,65,110,30,540,1,False
143,Gigantamax Snorlax,Normal,Normal,160,110,65,65,110,30,540,1,False
144,Articuno,Ice,Flying,90,85,100,95,125,85,580,1,True
144,Galarian Articuno,Psychic,Flying,90,85,85,125,100,95,580,8,True
145,Zapdos,Electric,Flying,90,90,85,125,90,100,580,1,True
145,Galarian Zapdos,Fighting,Flying,90,125,90,85,90,100,580,8,True
146,Moltres,Fire,Flying,90,100,90,125,85,90,580,1,True
146,Galarian Moltres,Dark,Flying,90,85,90,100,125,90,580,8,True
147,Dratini,Dragon,Dragon,41,64,45,50,50,50,300,1,False
148,Dragonair,Dragon,Dragon,61,84,65,70,70,70,420,1,False
149,Dragonite,Dragon,Flying,91,134,95,100,100,80,600,1,False
150,Mewtwo,Psychic,Psychic,106,110,90,154,90,130,680,1,True
150,Mega Mewtwo X,Psychic,Fighting,106,190,100,154,100,130,780,1,True
150,Mega Mewtwo Y,Psychic,Psychic,106,150,70,194,120,140,780,1,True
151,Mew,Psychic,Psychic,100,100,100,100,100,100,600,1,True
152,Chikorita,Grass,Grass,45,49,65,49,65,45,318,2,False
153,Bayleef,Grass,Grass,60,62,80,63,80,60,405,2,False
154,Meganium,Grass,Grass,80,82,100,83,100,80,525,2,False
155,Cyndaquil,Fire,Fire,39,52,43,60,50,65,309,2,False
156,Quilava,Fire,Fire,58,64,58,80,65,80,405,2,False
157,Typhlosion,Fire,Fire,78,84,78,109,85,100,534,2,False
158,Totodile,Water,Water,50,65,64,44,48,43,314,2,False
159,Croconaw,Water,Water,65,80,80,59,63,58,405,2,False
160,Feraligatr,Water,Water,85,105,100,79,83,78,530,2,False
161,Sentret,Normal,Normal,35,46,34,35,45,20,215,2,False
162,Furret,Normal,Normal,85,76,64,45,55,90,415,2,False
163,Hoothoot,Normal,Flying,60,30,30,36,56,50,262,2,False
164,Noctowl,Normal,Flying,100,50,50,76,96,70,442,2,False
165,Ledyba,Bug,Flying,40,20,30,40,80,55,265,2,False
166,Ledian,Bug,Flying,55,35,50,55,110,85,390,2,False
167,Spinarak,Bug,Poison,40,60,40,40,40,30,250,2,False
168,Ariados,Bug,Poison,70,90,70,60,60,40,390,2,False
169,Crobat,Poison,Flying,85,90,80,70,80,130,535,2,False
170,Chinchou,Water,Electric,75,38,38,56,56,67,330,2,False
171,Lanturn,Water,Electric,125,58,58,76,76,67,460,2,False
172,Pichu,Electric,Electric,20,40,15,35,35,60,205,2,False
173,Cleffa,Fairy,Fairy,50,25,28,45,55,15,218,2,False
174,Igglybuff,Normal,Fairy,90,30,15,40,20,15,210,2,False
175,Togepi,Fairy,Fairy,35,20,65,40,65,20,245,2,False
176,Togetic,Fairy,Flying,55,40,85,80,105,40,405,2,False
177,Natu,Psychic,Flying,40,50,45,70,45,70,320,2,False
178,Xatu,Psychic,Flying,65,75,70,95,70,95,470,2,False
179,Mareep,Electric,Electric,55,40,40,65,45,35,280,2,False
180,Flaaffy,Electric,Electric,70,55,55,80,60,45,365,2,False
181,Ampharos,Electric,Electric,90,75,85,115,90,55,510,2,False
181,Mega Ampharos,Electric,Dragon,90,95,105,165,110,45,610,2,False
182,Bellossom,Grass,Grass,75,80,95,90,100,50,490,2,False
183,Marill,Water,Fairy,70,20,50,20,50,40,250,2,False
184,Azumarill,Water,Fairy,100,50,80,60,80,50,420,2,False
185,Sudowoodo,Rock,Rock,70,100,115,30,65,30,410,2,False
186,Politoed,Water,Water,90,75,75,90,100,70,500,2,False
187,Hoppip,Grass,Flying,35,35,40,35,55,50,250,2,False
188,Skiploom,Grass,Flying,55,45,50,45,65,80,340,2,False
189,Jumpluff,Grass,Flying,75,55,70,55,95,110,460,2,False
190,Aipom,Normal,Normal,55,70,55,40,55,85,360,2,False
191,Sunkern,Grass,Grass,30,30,30,30,30,30,180,2,False
192,Sunflora,Grass,Grass,75,75,55,105,85,30,425,2,False
193,Yanma,Bug,Flying,65,65,45,75,45,95,390,2,False
194,Wooper,Water,Ground,55,45,45,25,25,15,210,2,False
195,Quagsire,Water,Ground,95,85,85,65,65,35,430,2,False
196,Espeon,Psychic,Psychic,65,65,60,130,95,110,525,2,False
197,Umbreon,Dark,Dark,95,65,110,60,130,65,525,2,False
198,Murkrow,Dark,Flying,60,85,42,85,42,91,405,2,False
199,Slowking,Water,Psychic,95,75,80,100,110,30,490,2,False
199,Galarian Slowking,Poison,Psychic,95,65,80,110,110,30,490,8,False
200,Misdreavus,Ghost,Ghost,60,60,60,85,85,85,435,2,False
201,Unown,Psychic,Psychic,48,72,48,72,48,48,336,2,False
202,Wobbuffet,Psychic,Psychic,190,33,58,33,58,33,405,2,False
203,Girafarig,Normal,Psychic,70,80,65,90,65,85,455,2,False
204,Pineco,Bug,Bug,50,65,90,35,35,15,290,2,False
205,Forretress,Bug,Steel,75,90,140,60,60,40,465,2,False
206,Dunsparce,Normal,Normal,100,70,70,65,65,45,415,2,False
207,Gligar,Ground,Flying,65,75,105,35,65,85,430,2,False
208,Steelix,Steel,Ground,75,85,200,55,65,30,510,2,False
208,Mega Steelix,Steel,Ground,75,125,230,55,95,30,610,2,False
209,Snubbull,Fairy,Fairy,60,80,50,40,40,30,300,2,False
210,Granbull,Fairy,Fairy,90,120,75,60,60,45,450,2,False
211,Qwilfish,Water,Poison,65,95,75,55,55,85,430,2,False
212,Scizor,Bug,Steel,70,130,100,55,80,65,500,2,False
212,Mega Scizor,Bug,Steel,70,150,140,65,100,75,600,2,False
213,Shuckle,Bug,Rock,20,10,230,10,230,5,505,2,False
214,Heracross,Bug,Fighting,80,125,75,40,95,85,500,2,False
214,Mega Heracross,Bug,Fighting,80,185,115,40,105,75,600,2,False
215,Sneasel,Dark,Ice,55,95,55,35,75,115,430,2,False
216,Teddiursa,Normal,Normal,60,80,50,50,50,40,330,2,False
217,Ursaring,Normal,Normal,90,130,75,75,75,55,500,2,False
218,Slugma,Fire,Fire,40,40,40,70,40,20,250,2,False
219,Magcargo,Fire,Rock,50,50,120,80,80,30,410,2,False
220,Swinub,Ice,Ground,50,50,40,30,30,50,250,2,False
221,Piloswine,Ice,Ground,100,100,80,60,60,50,450,2,False
222,Corsola,Water,Rock,55,55,85,65,85,35,380,2,False
222,Galarian Corsola,Ghost,Ghost,60,55,100,65,100,30,380,8,False
223,Remoraid,Water,Water,35,65,35,65,35,65,300,2,False
224,Octillery,Water,Water,75,105,75,105,75,45,480,2,False
225,Delibird,Ice,Flying,45,55,45,65,45,75,330,2,False
226,Mantine,Water,Flying,65,40,70,80,140,70,465,2,False
227,Skarmory,Steel,Flying,65,80,140,40,70,70,465,2,False
228,Houndour,Dark,Fire,45,60,30,80,50,65,330,2,False
229,Houndoom,Dark,Fire,75,90,50,110,80,95,500,2,False
229,Mega Houndoom,Dark,Fire,75,90,90,140,90,115,600,2,False
230,Kingdra,Water,Dragon,75,95,95,95,95,85,540,2,False
231,Phanpy,Ground,Ground,90,60,60,40,40,40,330,2,False
232,Donphan,Ground,Ground,90,120,120,60,60,50,500,2,False
233,Porygon2,Normal,Normal,85,80,90,105,95,60,515,2,False
234,Stantler,Normal,Normal,73,95,62,85,65,85,465,2,False
235,Smeargle,Normal,Normal,55,20,35,20,45,75,250,2,False
236,Tyrogue,Fighting,Fighting,35,35,35,35,35,35,210,2,False
237,Hitmontop,Fighting,Fighting,50,95,95,35,110,70,455,2,False
238,Smoochum,Ice,Psychic,45,30,15,85,65,65,305,2,False
239,Elekid,Electric,Electric,45,63,37,65,55,95,360,2,False
240,Magby,Fire,Fire,45,75,37,70,55,83,365,2,False
241,Miltank,Normal,Normal,95,80,105,40,70,100,490,2,False
242,Blissey,Normal,Normal,255,10,10,75,135,55,540,2,False
243,Raikou,Electric,Electric,90,85,75,115,100,115,580,2,True
244,Entei,Fire,Fire,115,115,85,90,75,100,580,2,True
245,Suicune,Water,Water,100,75,115,90,115,85,580,2,True
246,Larvitar,Rock,Ground,50,64,50,45,50,41,300,2,False
247,Pupitar,Rock,Ground,70,84,70,65,70,51,410,2,False
248,Tyranitar,Rock,Dark,100,134,110,95,100,61,600,2,False
248,Mega Tyranitar,Rock,Dark,100,164,150,95,120,71,700,2,False
249,Lugia,Psychic,Flying,106,90,130,90,154,110,680,2,True
250,Ho-oh,Fire,Flying,106,130,90,110,154,90,680,2,True
251,Celebi,Psychic,Grass,100,100,100,100,100,100,600,2,True
252,Treecko,Grass,Grass,40,45,35,65,55,70,310,3,False
253,Grovyle,Grass,Grass,50,65,45,85,65,95,405,3,False
254,Sceptile,Grass,Grass,70,85,65,105,85,120,530,3,False
254,Mega Sceptile,Grass,Dragon,70,110,75,145,85,145,630,3,False
255,Torchic,Fire,Fire,45,60,40,70,50,45,310,3,False
256,Combusken,Fire,Fighting,60,85,60,85,60,55,405,3,False
257,Blaziken,Fire,Fighting,80,120,70,110,70,80,530,3,False
257,Mega Blaziken,Fire,Fighting,80,160,80,130,80,100,630,3,False
258,Mudkip,Water,Water,50,70,50,50,50,40,310,3,False
259,Marshtomp,Water,Ground,70,85,70,60,70,50,405,3,False
260,Swampert,Water,Ground,100,110,90,85,90,60,535,3,False
260,Mega Swampert,Water,Ground,100,150,110,95,110,70,635,3,False
261,Poochyena,Dark,Dark,35,55,35,30,30,35,220,3,False
262,Mightyena,Dark,Dark,70,90,70,60,60,70,420,3,False
263,Zigzagoon,Normal,Normal,38,30,41,30,41,60,240,3,False
263,Galarian Zigzagoon,Dark,Normal,38,30,41,30,41,60,240,8,False
264,Linoone,Normal,Normal,78,70,61,50,61,100,420,3,False
264,Galarian Linoone,Dark,Normal,78,70,61,50,61,100,420,8,False
265,Wurmple,Bug,Bug,45,45,35,20,30,20,195,3,False
266,Silcoon,Bug,Bug,50,35,55,25,25,15,205,3,False
267,Beautifly,Bug,Flying,60,70,50,100,50,65,395,3,False
268,Cascoon,Bug,Bug,50,35,55,25,25,15,205,3,False
269,Dustox,Bug,Poison,60,50,70,50,90,65,385,3,False
270,Lotad,Water,Grass,40,30,30,40,50,30,220,3,False
271,Lombre,Water,Grass,60,50,50,60,70,50,340,3,False
272,Ludicolo,Water,Grass,80,70,70,90,100,70,480,3,False
273,Seedot,Grass,Grass,40,40,50,30,30,30,220,3,False
274,Nuzleaf,Grass,Dark,70,70,40,60,40,60,340,3,False
275,Shiftry,Grass,Dark,90,100,60,90,60,80,480,3,False
276,Taillow,Normal,Flying,40,55,30,30,30,85,270,3,False
277,Swellow,Normal,Flying,60,85,60,50,50,125,430,3,False
278,Wingull,Water,Flying,40,30,30,55,30,85,270,3,False
279,Pelipper,Water,Flying,60,50,100,85,70,65,430,3,False
280,Ralts,Psychic,Fairy,28,25,25,45,35,40,198,3,False
281,Kirlia,Psychic,Fairy,38,35,35,65,55,50,278,3,False
282,Gardevoir,Psychic,Fairy,68,65,65,125,115,80,518,3,False
282,Mega Gardevoir,Psychic,Fairy,68,85,65,165,135,100,618,3,False
283,Surskit,Bug,Water,40,30,32,50,52,65,269,3,False
284,Masquerain,Bug,Flying,70,60,62,80,82,60,414,3,False
285,Shroomish,Grass,Grass,60,40,60,40,60,35,295,3,False
286,Breloom,Grass,Fighting,60,130,80,60,60,70,460,3,False
287,Slakoth,Normal,Normal,60,60,60,35,35,30,280,3,False
288,Vigoroth,Normal,Normal,80,80,80,55,55,90,440,3,False
289,Slaking,Normal,Normal,150,160,100,95,65,100,670,3,False
290,Nincada,Bug,Ground,31,45,90,30,30,40,266,3,False
291,Ninjask,Bug,Flying,61,90,45,50,50,160,456,3,False
292,Shedinja,Bug,Ghost,1,90,45,30,30,40,236,3,False
293,Whismur,Normal,Normal,64,51,23,51,23,28,240,3,False
294,Loudred,Normal,Normal,84,71,43,71,43,48,360,3,False
295,Exploud,Normal,Normal,104,91,63,91,73,68,490,3,False
296,Makuhita,Fighting,Fighting,72,60,30,20,30,25,237,3,False
297,Hariyama,Fighting,Fighting,144,120,60,40,60,50,474,3,False
298,Azurill,Normal,Fairy,50,20,40,20,40,20,190,3,False
299,Nosepass,Rock,Rock,30,45,135,45,90,30,375,3,False
300,Skitty,Normal,Normal,50,45,45,35,35,50,260,3,False
301,Delcatty,Normal,Normal,70,65,65,55,55,70,380,3,False
302,Sableye,Dark,Ghost,50,75,75,65,65,50,380,3,False
302,Mega Sableye,Dark,Ghost,50,85,125,85,115,20,480,3,False
303,Mawile,Steel,Fairy,50,85,85,55,55,50,380,3,False
303,Mega Mawile,Steel,Fairy,50,105,125,55,95,50,480,3,False
304,Aron,Steel,Rock,50,70,100,40,40,30,330,3,False
305,Lairon,Steel,Rock,60,90,140,50,50,40,430,3,False
306,Aggron,Steel,Rock,70,110,180,60,60,50,530,3,False
306,Mega Aggron,Steel,Steel,70,140,230,60,80,50,630,3,False
307,Meditite,Fighting,Psychic,30,40,55,40,55,60,280,3,False
308,Medicham,Fighting,Psychic,60,60,75,60,75,80,410,3,False
308,Mega Medicham,Fighting,Psychic,60,100,85,80,85,100,510,3,False
309,Electrike,Electric,Electric,40,45,40,65,40,65,295,3,False
310,Manectric,Electric,Electric,70,75,60,105,60,105,475,3,False
310,Mega Manectric,Electric,Electric,70,75,80,135,80,135,575,3,False
311,Plusle,Electric,Electric,60,50,40,85,75,95,405,3,False
312,Minun,Electric,Electric,60,40,50,75,85,95,405,3,False
313,Volbeat,Bug,Bug,65,73,55,47,75,85,400,3,False
314,Illumise,Bug,Bug,65,47,55,73,75,85,400,3,False
315,Roselia,Grass,Poison,50,60,45,100,80,65,400,3,False
316,Gulpin,Poison,Poison,70,43,53,43,53,40,302,3,False
317,Swalot,Poison,Poison,100,73,83,73,83,55,467,3,False
318,Carvanha,Water,Dark,45,90,20,65,20,65,305,3,False
319,Sharpedo,Water,Dark,70,120,40,95,40,95,460,3,False
319,Mega Sharpedo,Water,Dark,70,140,70,110,65,105,560,3,False
320,Wailmer,Water,Water,130,70,35,70,35,60,400,3,False
321,Wailord,Water,Water,170,90,45,90,45,60,500,3,False
322,Numel,Fire,Ground,60,60,40,65,45,35,305,3,False
323,Camerupt,Fire,Ground,70,100,70,105,75,40,460,3,False
323,Mega Camerupt,Fire,Ground,70,120,100,145,105,20,560,3,False
324,Torkoal,Fire,Fire,70,85,140,85,70,20,470,3,False
325,Spoink,Psychic,Psychic,60,25,35,70,80,60,330,3,False
326,Grumpig,Psychic,Psychic,80,45,65,90,110,80,470,3,False
327,Spinda,Normal,Normal,60,60,60,60,60,60,360,3,False
328,Trapinch,Ground,Ground,45,100,45,45,45,10,290,3,False
329,Vibrava,Ground,Dragon,50,70,50,50,50,70,340,3,False
330,Flygon,Ground,Dragon,80,100,80,80,80,100,520,3,False
331,Cacnea,Grass,Grass,50,85,40,85,40,35,335,3,False
332,Cacturne,Grass,Dark,70,115,60,115,60,55,475,3,False
333,Swablu,Normal,Flying,45,40,60,40,75,50,310,3,False
334,Altaria,Dragon,Flying,75,70,90,70,105,80,490,3,False
334,Mega Altaria,Dragon,Fairy,75,110,110,110,105,80,590,3,False
335,Zangoose,Normal,Normal,73,115,60,60,60,90,458,3,False
336,Seviper,Poison,Poison,73,100,60,100,60,65,458,3,False
337,Lunatone,Rock,Psychic,70,55,65,95,85,70,440,3,False
338,Solrock,Rock,Psychic,70,95,85,55,65,70,440,3,False
339,Barboach,Water,Ground,50,48,43,46,41,60,288,3,False
340,Whiscash,Water,Ground,110,78,73,76,71,60,468,3,False
341,Corphish,Water,Water,43,80,65,50,35,35,308,3,False
342,Crawdaunt,Water,Dark,63,120,85,90,55,55,468,3,False
343,Baltoy,Ground,Psychic,40,40,55,40,70,55,300,3,False
344,Claydol,Ground,Psychic,60,70,105,70,120,75,500,3,False
345,Lileep,Rock,Grass,66,41,77,61,87,23,355,3,False
346,Cradily,Rock,Grass,86,81,97,81,107,43,495,3,False
347,Anorith,Rock,Bug,45,95,50,40,50,75,355,3,False
348,Armaldo,Rock,Bug,75,125,100,70,80,45,495,3,False
349,Feebas,Water,Water,20,15,20,10,55,80,200,3,False
350,Milotic,Water,Water,95,60,79,100,125,81,540,3,False
351,Castform,Normal,Normal,70,70,70,70,70,70,420,3,False
352,Kecleon,Normal,Normal,60,90,70,60,120,40,440,3,False
353,Shuppet,Ghost,Ghost,44,75,35,63,33,45,295,3,False
354,Banette,Ghost,Ghost,64,115,65,83,63,65,455,3,False
354,Mega Banette,Ghost,Ghost,64,165,75,93,83,75,555,3,False
355,Duskull,Ghost,Ghost,20,40,90,30,90,25,295,3,False
356,Dusclops,Ghost,Ghost,40,70,130,60,130,25,455,3,False
357,Tropius,Grass,Flying,99,68,83,72,87,51,460,3,False
358,Chimecho,Psychic,Psychic,65,50,70,95,80,65,425,3,False
359,Absol,Dark,Dark,65,130,60,75,60,75,465,3,False
359,Mega Absol,Dark,Dark,65,150,60,115,60,115,565,3,False
360,Wynaut,Psychic,Psychic,95,23,48,23,48,23,260,3,False
361,Snorunt,Ice,Ice,50,50,50,50,50,50,300,3,False
362,Glalie,Ice,Ice,80,80,80,80,80,80,480,3,False
362,Mega Glalie,Ice,Ice,80,120,80,120,80,100,580,3,False
363,Spheal,Ice,Water,70,40,50,55,50,25,290,3,False
364,Sealeo,Ice,Water,90,60,70,75,70,45,410,3,False
365,Walrein,Ice,Water,110,80,90,95,90,65,530,3,False
366,Clamperl,Water,Water,35,64,85,74,55,32,345,3,False
367,Huntail,Water,Water,55,104,105,94,75,52,485,3,False
368,Gorebyss,Water,Water,55,84,105,114,75,52,485,3,False
369,Relicanth,Water,Rock,100,90,130,45,65,55,485,3,False
370,Luvdisc,Water,Water,43,30,55,40,65,97,330,3,False
371,Bagon,Dragon,Dragon,45,75,60,40,30,50,300,3,False
372,Shelgon,Dragon,Dragon,65,95,100,60,50,50,420,3,False
373,Salamence,Dragon,Flying,95,135,80,110,80,100,600,3,False
373,Mega Salamence,Dragon,Flying,95,145,130,120,90,120,700,3,False
374,Beldum,Steel,Psychic,40,55,80,35,60,30,300,3,False
375,Metang,Steel,Psychic,60,75,100,55,80,50,420,3,False
376,Metagross,Steel,Psychic,80,135,130,95,90,70,600,3,False
376,Mega Metagross,Steel,Psychic,80,145,150,105,110,110,700,3,False
377,Regirock,Rock,Rock,80,100,200,50,100,50,580,3,True
378,Regice,Ice,Ice,80,50,100,100,200,50,580,3,True
379,Registeel,Steel,Steel,80,75,150,75,150,50,580,3,True
380,Latias,Dragon,Psychic,80,80,90,110,130,110,600,3,True
380,Mega Latias,Dragon,Psychic,80,100,120,140,150,110,700,3,True
381,Latios,Dragon,Psychic,80,90,80,130,110,110,600,3,True
381,Mega Latios,Dragon,Psychic,80,130,100,160,120,110,700,3,True
382,Kyogre,Water,Water,100,100,90,150,140,90,670,3,True
382,Primal Kyogre,Water,Water,100,150,90,180,160,90,770,3,True
383,Groudon,Ground,Ground,100,150,140,100,90,90,670,3,True
383,Primal Groudon,Ground,Fire,100,180,160,150,90,90,770,3,True
384,Rayquaza,Dragon,Flying,105,150,90,150,90,95,680,3,True
384,Mega Rayquaza,Dragon,Flying,105,180,100,180,100,115,780,3,True
385,Jirachi,Steel,Psychic,100,100,100,100,100,100,600,3,True
386,Deoxys Normal Forme,Psychic,Psychic,50,150,50,150,50,150,600,3,True
386,Deoxys Attack Forme,Psychic,Psychic,50,180,20,180,20,150,600,3,True
386,Deoxys Defense Forme,Psychic,Psychic,50,70,160,70,160,90,600,3,True
386,Deoxys Speed Forme,Psychic,Psychic,50,95,90,95,90,180,600,3,True
387,Turtwig,Grass,Grass,55,68,64,45,55,31,318,4,False
388,Grotle,Grass,Grass,75,89,85,55,65,36,405,4,False
389,Torterra,Grass,Ground,95,109,105,75,85,56,525,4,False
390,Chimchar,Fire,Fire,44,58,44,58,44,61,309,4,False
391,Monferno,Fire,Fighting,64,78,52,78,52,81,405,4,False
392,Infernape,Fire,Fighting,76,104,71,104,71,108,534,4,False
393,Piplup,Water,Water,53,51,53,61,56,40,314,4,False
394,Prinplup,Water,Water,64,66,68,81,76,50,405,4,False
395,Empoleon,Water,Steel,84,86,88,111,101,60,530,4,False
396,Starly,Normal,Flying,40,55,30,30,30,60,245,4,False
397,Staravia,Normal,Flying,55,75,50,40,40,80,340,4,False
398,Staraptor,Normal,Flying,85,120,70,50,60,100,485,4,False
399,Bidoof,Normal,Normal,59,45,40,35,40,31,250,4,False
400,Bibarel,Normal,Water,79,85,60,55,60,71,410,4,False
401,Kricketot,Bug,Bug,37,25,41,25,41,25,194,4,False
402,Kricketune,Bug,Bug,77,85,51,55,51,65,384,4,False
403,Shinx,Electric,Electric,45,65,34,40,34,45,263,4,False
404,Luxio,Electric,Electric,60,85,49,60,49,60,363,4,False
405,Luxray,Electric,Electric,80,120,79,95,79,70,523,4,False
406,Budew,Grass,Poison,40,30,35,50,70,55,280,4,False
407,Roserade,Grass,Poison,60,70,65,125,105,90,515,4,False
408,Cranidos,Rock,Rock,67,125,40,30,30,58,350,4,False
409,Rampardos,Rock,Rock,97,165,60,65,50,58,495,4,False
410,Shieldon,Rock,Steel,30,42,118,42,88,30,350,4,False
411,Bastiodon,Rock,Steel,60,52,168,47,138,30,495,4,False
412,Burmy,Bug,Bug,40,29,45,29,45,36,224,4,False
413,Wormadam Plant Cloak,Bug,Grass,60,59,85,79,105,36,424,4,False
413,Wormadam Sandy Cloak,Bug,Ground,60,79,105,59,85,36,424,4,False
413,Wormadam Trash Cloak,Bug,Steel,60,69,95,69,95,36,424,4,False
414,Mothim,Bug,Flying,70,94,50,94,50,66,424,4,False
415,Combee,Bug,Flying,30,30,42,30,42,70,244,4,False
416,Vespiquen,Bug,Flying,70,80,102,80,102,40,474,4,False
417,Pachirisu,Electric,Electric,60,45,70,45,90,95,405,4,False
418,Buizel,Water,Water,55,65,35,60,30,85,330,4,False
419,Floatzel,Water,Water,85,105,55,85,50,115,495,4,False
420,Cherubi,Grass,Grass,45,35,45,62,53,35,275,4,False
421,Cherrim,Grass,Grass,70,60,70,87,78,85,450,4,False
422,Shellos,Water,Water,76,48,48,57,62,34,325,4,False
423,Gastrodon,Water,Ground,111,83,68,92,82,39,475,4,False
424,Ambipom,Normal,Normal,75,100,66,60,66,115,482,4,False
425,Drifloon,Ghost,Flying,90,50,34,60,44,70,348,4,False
426,Drifblim,Ghost,Flying,150,80,44,90,54,80,498,4,False
427,Buneary,Normal,Normal,55,66,44,44,56,85,350,4,False
428,Lopunny,Normal,Normal,65,76,84,54,96,105,480,4,False
428,Mega Lopunny,Normal,Fighting,65,136,94,54,96,135,580,4,False
429,Mismagius,Ghost,Ghost,60,60,60,105,105,105,495,4,False
430,Honchkrow,Dark,Flying,100,125,52,105,52,71,505,4,False
431,Glameow,Normal,Normal,49,55,42,42,37,85,310,4,False
432,Purugly,Normal,Normal,71,82,64,64,59,112,452,4,False
433,Chingling,Psychic,Psychic,45,30,50,65,50,45,285,4,False
434,Stunky,Poison,Dark,63,63,47,41,41,74,329,4,False
435,Skuntank,Poison,Dark,103,93,67,71,61,84,479,4,False
436,Bronzor,Steel,Psychic,57,24,86,24,86,23,300,4,False
437,Bronzong,Steel,Psychic,67,89,116,79,116,33,500,4,False
438,Bonsly,Rock,Rock,50,80,95,10,45,10,290,4,False
439,Mime Jr.,Psychic,Fairy,20,25,45,70,90,60,310,4,False
440,Happiny,Normal,Normal,100,5,5,15,65,30,220,4,False
441,Chatot,Normal,Flying,76,65,45,92,42,91,411,4,False
442,Spiritomb,Ghost,Dark,50,92,108,92,108,35,485,4,False
443,Gible,Dragon,Ground,58,70,45,40,45,42,300,4,False
444,Gabite,Dragon,Ground,68,90,65,50,55,82,410,4,False
445,Garchomp,Dragon,Ground,108,130,95,80,85,102,600,4,False
445,Mega Garchomp,Dragon,Ground,108,170,115,120,95,92,700,4,False
446,Munchlax,Normal,Normal,135,85,40,40,85,5,390,4,False
447,Riolu,Fighting,Fighting,40,70,40,35,40,60,285,4,False
448,Lucario,Fighting,Steel,70,110,70,115,70,90,525,4,False
448,Mega Lucario,Fighting,Steel,70,145,88,140,70,112,625,4,False
449,Hippopotas,Ground,Ground,68,72,78,38,42,32,330,4,False
450,Hippowdon,Ground,Ground,108,112,118,68,72,47,525,4,False
451,Skorupi,Poison,Bug,40,50,90,30,55,65,330,4,False
452,Drapion,Poison,Dark,70,90,110,60,75,95,500,4,False
453,Croagunk,Poison,Fighting,48,61,40,61,40,50,300,4,False
454,Toxicroak,Poison,Fighting,83,106,65,86,65,85,490,4,False
455,Carnivine,Grass,Grass,74,100,72,90,72,46,454,4,False
456,Finneon,Water,Water,49,49,56,49,61,66,330,4,False
457,Lumineon,Water,Water,69,69,76,69,86,91,460,4,False
458,Mantyke,Water,Flying,45,20,50,60,120,50,345,4,False
459,Snover,Grass,Ice,60,62,50,62,60,40,334,4,False
460,Abomasnow,Grass,Ice,90,92,75,92,85,60,494,4,False
460,Mega Abomasnow,Grass,Ice,90,132,105,132,105,30,594,4,False
461,Weavile,Dark,Ice,70,120,65,45,85,125,510,4,False
462,Magnezone,Electric,Steel,70,70,115,130,90,60,535,4,False
463,Lickilicky,Normal,Normal,110,85,95,80,95,50,515,4,False
464,Rhyperior,Ground,Rock,115,140,130,55,55,40,535,4,False
465,Tangrowth,Grass,Grass,100,100,125,110,50,50,535,4,False
466,Electivire,Electric,Electric,75,123,67,95,85,95,540,4,False
467,Magmortar,Fire,Fire,75,95,67,125,95,83,540,4,False
468,Togekiss,Fairy,Flying,85,50,95,120,115,80,545,4,False
469,Yanmega,Bug,Flying,86,76,86,116,56,95,515,4,False
470,Leafeon,Grass,Grass,65,110,130,60,65,95,525,4,False
471,Glaceon,Ice,Ice,65,60,110,130,95,65,525,4,False
472,Gliscor,Ground,Flying,75,95,125,45,75,95,510,4,False
473,Mamoswine,Ice,Ground,110,130,80,70,60,80,530,4,False
474,Porygon-Z,Normal,Normal,85,80,70,135,75,90,535,4,False
475,Gallade,Psychic,Fighting,68,125,65,65,115,80,518,4,False
475,Mega Gallade,Psychic,Fighting,68,165,95,65,115,110,618,4,False
476,Probopass,Rock,Steel,60,55,145,75,150,40,525,4,False
477,Dusknoir,Ghost,Ghost,45,100,135,65,135,45,525,4,False
478,Froslass,Ice,Ghost,70,80,70,80,70,110,480,4,False
479,Rotom,Electric,Ghost,50,50,77,95,77,91,440,4,False
479,Heat Rotom,Electric,Fire,50,65,107,105,107,86,520,4,False
479,Wash Rotom,Electric,Water,50,65,107,105,107,86,520,4,False
479,Frost Rotom,Electric,Ice,50,65,107,105,107,86,520,4,False
479,Fan Rotom,Electric,Flying,50,65,107,105,107,86,520,4,False
479,Mow Rotom,Electric,Grass,50,65,107,105,107,86,520,4,False
480,Uxie,Psychic,Psychic,75,75,130,75,130,95,580,4,True
481,Mesprit,Psychic,Psychic,80,105,105,105,105,80,580,4,True
482,Azelf,Psychic,Psychic,75,125,70,125,70,115,580,4,True
483,Dialga,Steel,Dragon,100,120,120,150,100,90,680,4,True
484,Palkia,Water,Dragon,90,120,100,150,120,100,680,4,True
485,Heatran,Fire,Steel,91,90,106,130,106,77,600,4,True
486,Regigigas,Normal,Normal,110,160,110,80,110,100,670,4,True
487,Giratina Altered Forme,Ghost,Dragon,150,100,120,100,120,90,680,4,True
487,Giratina Origin Forme,Ghost,Dragon,150,120,100,120,100,90,680,4,True
488,Cresselia,Psychic,Psychic,120,70,120,75,130,85,600,4,True
489,Phione,Water,Water,80,80,80,80,80,80,480,4,True
490,Manaphy,Water,Water,100,100,100,100,100,100,600,4,True
491,Darkrai,Dark,Dark,70,90,90,135,90,125,600,4,True
492,Shaymin Land Forme,Grass,Grass,100,100,100,100,100,100,600,4,True
492,Shaymin Sky Forme,Grass,Flying,100,103,75,120,75,127,600,4,True
493,Arceus,Normal,Normal,120,120,120,120,120,120,720,4,True
494,Victini,Psychic,Fire,100,100,100,100,100,100,600,5,True
495,Snivy,Grass,Grass,45,45,55,45,55,63,308,5,False
496,Servine,Grass,Grass,60,60,75,60,75,83,413,5,False
497,Serperior,Grass,Grass,75,75,95,75,95,113,528,5,False
498,Tepig,Fire,Fire,65,63,45,45,45,45,308,5,False
499,Pignite,Fire,Fighting,90,93,55,70,55,55,418,5,False
500,Emboar,Fire,Fighting,110,123,65,100,65,65,528,5,False
501,Oshawott,Water,Water,55,55,45,63,45,45,308,5,False
502,Dewott,Water,Water,75,75,60,83,60,60,413,5,False
503,Samurott,Water,Water,95,100,85,108,70,70,528,5,False
504,Patrat,Normal,Normal,45,55,39,35,39,42,255,5,False
505,Watchog,Normal,Normal,60,85,69,60,69,77,420,5,False
506,Lillipup,Normal,Normal,45,60,45,25,45,55,275,5,False
507,Herdier,Normal,Normal,65,80,65,35,65,60,370,5,False
508,Stoutland,Normal,Normal,85,110,90,45,90,80,500,5,False
509,Purrloin,Dark,Dark,41,50,37,50,37,66,281,5,False
510,Liepard,Dark,Dark,64,88,50,88,50,106,446,5,False
511,Pansage,Grass,Grass,50,53,48,53,48,64,316,5,False
512,Simisage,Grass,Grass,75,98,63,98,63,101,498,5,False
513,Pansear,Fire,Fire,50,53,48,53,48,64,316,5,False
514,Simisear,Fire,Fire,75,98,63,98,63,101,498,5,False
515,Panpour,Water,Water,50,53,48,53,48,64,316,5,False
516,Simipour,Water,Water,75,98,63,98,63,101,498,5,False
517,Munna,Psychic,Psychic,76,25,45,67,55,24,292,5,False
518,Musharna,Psychic,Psychic,116,55,85,107,95,29,487,5,False
519,Pidove,Normal,Flying,50,55,50,36,30,43,264,5,False
520,Tranquill,Normal,Flying,62,77,62,50,42,65,358,5,False
521,Unfezant,Normal,Flying,80,115,80,65,55,93,488,5,False
522,Blitzle,Electric,Electric,45,60,32,50,32,76,295,5,False
523,Zebstrika,Electric,Electric,75,100,63,80,63,116,497,5,False
524,Roggenrola,Rock,Rock,55,75,85,25,25,15,280,5,False
525,Boldore,Rock,Rock,70,105,105,50,40,20,390,5,False
526,Gigalith,Rock,Rock,85,135,130,60,80,25,515,5,False
527,Woobat,Psychic,Flying,55,45,43,55,43,72,313,5,False
528,Swoobat,Psychic,Flying,67,57,55,77,55,114,425,5,False
529,Drilbur,Ground,Ground,60,85,40,30,45,68,328,5,False
530,Excadrill,Ground,Steel,110,135,60,50,65,88,508,5,False
531,Audino,Normal,Normal,103,60,86,60,86,50,445,5,False
531,Mega Audino,Normal,Fairy,103,60,126,80,126,50,545,5,False
532,Timburr,Fighting,Fighting,75,80,55,25,35,35,305,5,False
533,Gurdurr,Fighting,Fighting,85,105,85,40,50,40,405,5,False
534,Conkeldurr,Fighting,Fighting,105,140,95,55,65,45,505,5,False
535,Tympole,Water,Water,50,50,40,50,40,64,294,5,False
536,Palpitoad,Water,Ground,75,65,55,65,55,69,384,5,False
537,Seismitoad,Water,Ground,105,95,75,85,75,74,509,5,False
538,Throh,Fighting,Fighting,120,100,85,30,85,45,465,5,False
539,Sawk,Fighting,Fighting,75,125,75,30,75,85,465,5,False
540,Sewaddle,Bug,Grass,45,53,70,40,60,42,310,5,False
541,Swadloon,Bug,Grass,55,63,90,50,80,42,380,5,False
542,Leavanny,Bug,Grass,75,103,80,70,80,92,500,5,False
543,Venipede,Bug,Poison,30,45,59,30,39,57,260,5,False
544,Whirlipede,Bug,Poison,40,55,99,40,79,47,360,5,False
545,Scolipede,Bug,Poison,60,100,89,55,69,112,485,5,False
546,Cottonee,Grass,Fairy,40,27,60,37,50,66,280,5,False
547,Whimsicott,Grass,Fairy,60,67,85,77,75,116,480,5,False
548,Petilil,Grass,Grass,45,35,50,70,50,30,280,5,False
549,Lilligant,Grass,Grass,70,60,75,110,75,90,480,5,False
550,Basculin,Water,Water,70,92,65,80,55,98,460,5,False
551,Sandile,Ground,Dark,50,72,35,35,35,65,292,5,False
552,Krokorok,Ground,Dark,60,82,45,45,45,74,351,5,False
553,Krookodile,Ground,Dark,95,117,80,65,70,92,519,5,False
554,Darumaka,Fire,Fire,70,90,45,15,45,50,315,5,False
554,Galarian Darumaka,Ice,Ice,70,90,45,15,45,50,315,8,False
555,Darmanitan Standard Mode,Fire,Fire,105,140,55,30,55,95,480,5,False
555,Galarian Darmanitan Standard Mode,Ice,Ice,105,140,55,30,55,95,480,8,False
555,Darmanitan Zen Mode,Fire,Psychic,105,30,105,140,105,55,540,5,False
555,Galarian Darmanitan Zen Mode,Ice,Fire,105,160,55,30,55,135,540,8,False
556,Maractus,Grass,Grass,75,86,67,106,67,60,461,5,False
557,Dwebble,Bug,Rock,50,65,85,35,35,55,325,5,False
558,Crustle,Bug,Rock,70,95,125,65,75,45,475,5,False
559,Scraggy,Dark,Fighting,50,75,70,35,70,48,348,5,False
560,Scrafty,Dark,Fighting,65,90,115,45,115,58,488,5,False
561,Sigilyph,Psychic,Flying,72,58,80,103,80,97,490,5,False
562,Yamask,Ghost,Ghost,38,30,85,55,65,30,303,5,False
562,Galarian Yamask,Ground,Ghost,38,55,85,30,65,30,303,8,False
563,Cofagrigus,Ghost,Ghost,58,50,145,95,105,30,483,5,False
564,Tirtouga,Water,Rock,54,78,103,53,45,22,355,5,False
565,Carracosta,Water,Rock,74,108,133,83,65,32,495,5,False
566,Archen,Rock,Flying,55,112,45,74,45,70,401,5,False
567,Archeops,Rock,Flying,75,140,65,112,65,110,567,5,False
568,Trubbish,Poison,Poison,50,50,62,40,62,65,329,5,False
569,Garbodor,Poison,Poison,80,95,82,60,82,75,474,5,False
569,Gigantamax Garbodor,Poison,Poison,80,95,82,60,82,75,474,5,False
570,Zorua,Dark,Dark,40,65,40,80,40,65,330,5,False
571,Zoroark,Dark,Dark,60,105,60,120,60,105,510,5,False
572,Minccino,Normal,Normal,55,50,40,40,40,75,300,5,False
573,Cinccino,Normal,Normal,75,95,60,65,60,115,470,5,False
574,Gothita,Psychic,Psychic,45,30,50,55,65,45,290,5,False
575,Gothorita,Psychic,Psychic,60,45,70,75,85,55,390,5,False
576,Gothitelle,Psychic,Psychic,70,55,95,95,110,65,490,5,False
577,Solosis,Psychic,Psychic,45,30,40,105,50,20,290,5,False
578,Duosion,Psychic,Psychic,65,40,50,125,60,30,370,5,False
579,Reuniclus,Psychic,Psychic,110,65,75,125,85,30,490,5,False
580,Ducklett,Water,Flying,62,44,50,44,50,55,305,5,False
581,Swanna,Water,Flying,75,87,63,87,63,98,473,5,False
582,Vanillite,Ice,Ice,36,50,50,65,60,44,305,5,False
583,Vanillish,Ice,Ice,51,65,65,80,75,59,395,5,False
584,Vanilluxe,Ice,Ice,71,95,85,110,95,79,535,5,False
585,Deerling,Normal,Grass,60,60,50,40,50,75,335,5,False
586,Sawsbuck,Normal,Grass,80,100,70,60,70,95,475,5,False
587,Emolga,Electric,Flying,55,75,60,75,60,103,428,5,False
588,Karrablast,Bug,Bug,50,75,45,40,45,60,315,5,False
589,Escavalier,Bug,Steel,70,135,105,60,105,20,495,5,False
590,Foongus,Grass,Poison,69,55,45,55,55,15,294,5,False
591,Amoonguss,Grass,Poison,114,85,70,85,80,30,464,5,False
592,Frillish,Water,Ghost,55,40,50,65,85,40,335,5,False
593,Jellicent,Water,Ghost,100,60,70,85,105,60,480,5,False
594,Alomomola,Water,Water,165,75,80,40,45,65,470,5,False
595,Joltik,Bug,Electric,50,47,50,57,50,65,319,5,False
596,Galvantula,Bug,Electric,70,77,60,97,60,108,472,5,False
597,Ferroseed,Grass,Steel,44,50,91,24,86,10,305,5,False
598,Ferrothorn,Grass,Steel,74,94,131,54,116,20,489,5,False
599,Klink,Steel,Steel,40,55,70,45,60,30,300,5,False
600,Klang,Steel,Steel,60,80,95,70,85,50,440,5,False
601,Klinklang,Steel,Steel,60,100,115,70,85,90,520,5,False
602,Tynamo,Electric,Electric,35,55,40,45,40,60,275,5,False
603,Eelektrik,Electric,Electric,65,85,70,75,70,40,405,5,False
604,Eelektross,Electric,Electric,85,115,80,105,80,50,515,5,False
605,Elgyem,Psychic,Psychic,55,55,55,85,55,30,335,5,False
606,Beheeyem,Psychic,Psychic,75,75,75,125,95,40,485,5,False
607,Litwick,Ghost,Fire,50,30,55,65,55,20,275,5,False
608,Lampent,Ghost,Fire,60,40,60,95,60,55,370,5,False
609,Chandelure,Ghost,Fire,60,55,90,145,90,80,520,5,False
610,Axew,Dragon,Dragon,46,87,60,30,40,57,320,5,False
611,Fraxure,Dragon,Dragon,66,117,70,40,50,67,410,5,False
612,Haxorus,Dragon,Dragon,76,147,90,60,70,97,540,5,False
613,Cubchoo,Ice,Ice,55,70,40,60,40,40,305,5,False
614,Beartic,Ice,Ice,95,110,80,70,80,50,485,5,False
615,Cryogonal,Ice,Ice,70,50,30,95,135,105,485,5,False
616,Shelmet,Bug,Bug,50,40,85,40,65,25,305,5,False
617,Accelgor,Bug,Bug,80,70,40,100,60,145,495,5,False
618,Stunfisk,Ground,Electric,109,66,84,81,99,32,471,5,False
618,Galarian Stunfisk,Ground,Steel,109,81,99,66,84,32,471,8,False
619,Mienfoo,Fighting,Fighting,45,85,50,55,50,65,350,5,False
620,Mienshao,Fighting,Fighting,65,125,60,95,60,105,510,5,False
621,Druddigon,Dragon,Dragon,77,120,90,60,90,48,485,5,False
622,Golett,Ground,Ghost,59,74,50,35,50,35,303,5,False
623,Golurk,Ground,Ghost,89,124,80,55,80,55,483,5,False
624,Pawniard,Dark,Steel,45,85,70,40,40,60,340,5,False
625,Bisharp,Dark,Steel,65,125,100,60,70,70,490,5,False
626,Bouffalant,Normal,Normal,95,110,95,40,95,55,490,5,False
627,Rufflet,Normal,Flying,70,83,50,37,50,60,350,5,False
628,Braviary,Normal,Flying,100,123,75,57,75,80,510,5,False
629,Vullaby,Dark,Flying,70,55,75,45,65,60,370,5,False
630,Mandibuzz,Dark,Flying,110,65,105,55,95,80,510,5,False
631,Heatmor,Fire,Fire,85,97,66,105,66,65,484,5,False
632,Durant,Bug,Steel,58,109,112,48,48,109,484,5,False
633,Deino,Dark,Dragon,52,65,50,45,50,38,300,5,False
634,Zweilous,Dark,Dragon,72,85,70,65,70,58,420,5,False
635,Hydreigon,Dark,Dragon,92,105,90,125,90,98,600,5,False
636,Larvesta,Bug,Fire,55,85,55,50,55,60,360,5,False
637,Volcarona,Bug,Fire,85,60,65,135,105,100,550,5,False
638,Cobalion,Steel,Fighting,91,90,129,90,72,108,580,5,True
639,Terrakion,Rock,Fighting,91,129,90,72,90,108,580,5,True
640,Virizion,Grass,Fighting,91,90,72,90,129,108,580,5,True
641,Tornadus Incarnate Forme,Flying,Flying,79,115,70,125,80,111,580,5,True
641,Tornadus Therian Forme,Flying,Flying,79,100,80,110,90,121,580,5,True
642,Thundurus Incarnate Forme,Electric,Flying,79,115,70,125,80,111,580,5,True
642,Thundurus Therian Forme,Electric,Flying,79,105,70,145,80,101,580,5,True
643,Reshiram,Dragon,Fire,100,120,100,150,120,90,680,5,True
644,Zekrom,Dragon,Electric,100,150,120,120,100,90,680,5,True
645,Landorus Incarnate Forme,Ground,Flying,89,125,90,115,80,101,600,5,True
645,Landorus Therian Forme,Ground,Flying,89,145,90,105,80,91,600,5,True
646,Kyurem,Dragon,Ice,125,130,90,130,90,95,660,5,True
646,Black Kyurem,Dragon,Ice,125,170,100,120,90,95,700,5,True
646,White Kyurem,Dragon,Ice,125,120,90,170,100,95,700,5,True
647,Keldeo Ordinary Forme,Water,Fighting,91,72,90,129,90,108,580,5,True
647,Keldeo Resolute Forme,Water,Fighting,91,72,90,129,90,108,580,5,True
648,Meloetta Aria Forme,Normal,Psychic,100,77,77,128,128,90,600,5,True
648,Meloetta Pirouette Forme,Normal,Fighting,100,128,90,77,77,128,600,5,True
649,Genesect,Bug,Steel,71,120,95,120,95,99,600,5,True
650,Chespin,Grass,Grass,56,61,65,48,45,38,313,6,False
651,Quilladin,Grass,Grass,61,78,95,56,58,57,405,6,False
652,Chesnaught,Grass,Fighting,88,107,122,74,75,64,530,6,False
653,Fennekin,Fire,Fire,40,45,40,62,60,60,307,6,False
654,Braixen,Fire,Fire,59,59,58,90,70,73,409,6,False
655,Delphox,Fire,Psychic,75,69,72,114,100,104,534,6,False
656,Froakie,Water,Water,41,56,40,62,44,71,314,6,False
657,Frogadier,Water,Water,54,63,52,83,56,97,405,6,False
658,Greninja,Water,Dark,72,95,67,103,71,122,530,6,False
658,Ash-Greninja,Water,Dark,72,145,67,153,71,132,640,6,False
659,Bunnelby,Normal,Normal,38,36,38,32,36,57,237,6,False
660,Diggersby,Normal,Ground,85,56,77,50,77,78,423,6,False
661,Fletchling,Normal,Flying,45,50,43,40,38,62,278,6,False
662,Fletchinder,Fire,Flying,62,73,55,56,52,84,382,6,False
663,Talonflame,Fire,Flying,78,81,71,74,69,126,499,6,False
664,Scatterbug,Bug,Bug,38,35,40,27,25,35,200,6,False
665,Spewpa,Bug,Bug,45,22,60,27,30,29,213,6,False
666,Vivillon,Bug,Flying,80,52,50,90,50,89,411,6,False
667,Litleo,Fire,Normal,62,50,58,73,54,72,369,6,False
668,Pyroar,Fire,Normal,86,68,72,109,66,106,507,6,False
669,FlabÃ©bÃ©,Fairy,Fairy,44,38,39,61,79,42,303,6,False
670,Floette,Fairy,Fairy,54,45,47,75,98,52,371,6,False
671,Florges,Fairy,Fairy,78,65,68,112,154,75,552,6,False
672,Skiddo,Grass,Grass,66,65,48,62,57,52,350,6,False
673,Gogoat,Grass,Grass,123,100,62,97,81,68,531,6,False
674,Pancham,Fighting,Fighting,67,82,62,46,48,43,348,6,False
675,Pangoro,Fighting,Dark,95,124,78,69,71,58,495,6,False
676,Furfrou,Normal,Normal,75,80,60,65,90,102,472,6,False
677,Espurr,Psychic,Psychic,62,48,54,63,60,68,355,6,False
678,Meowstic Male,Psychic,Psychic,74,48,76,83,81,104,466,6,False
678,Meowstic Female,Psychic,Psychic,74,48,76,83,81,104,466,6,False
679,Honedge,Steel,Ghost,45,80,100,35,37,28,325,6,False
680,Doublade,Steel,Ghost,59,110,150,45,49,35,448,6,False
681,Aegislash Blade Forme,Steel,Ghost,60,150,50,150,50,60,520,6,False
681,Aegislash Shield Forme,Steel,Ghost,60,50,150,50,150,60,520,6,False
682,Spritzee,Fairy,Fairy,78,52,60,63,65,23,341,6,False
683,Aromatisse,Fairy,Fairy,101,72,72,99,89,29,462,6,False
684,Swirlix,Fairy,Fairy,62,48,66,59,57,49,341,6,False
685,Slurpuff,Fairy,Fairy,82,80,86,85,75,72,480,6,False
686,Inkay,Dark,Psychic,53,54,53,37,46,45,288,6,False
687,Malamar,Dark,Psychic,86,92,88,68,75,73,482,6,False
688,Binacle,Rock,Water,42,52,67,39,56,50,306,6,False
689,Barbaracle,Rock,Water,72,105,115,54,86,68,500,6,False
690,Skrelp,Poison,Water,50,60,60,60,60,30,320,6,False
691,Dragalge,Poison,Dragon,65,75,90,97,123,44,494,6,False
692,Clauncher,Water,Water,50,53,62,58,63,44,330,6,False
693,Clawitzer,Water,Water,71,73,88,120,89,59,500,6,False
694,Helioptile,Electric,Normal,44,38,33,61,43,70,289,6,False
695,Heliolisk,Electric,Normal,62,55,52,109,94,109,481,6,False
696,Tyrunt,Rock,Dragon,58,89,77,45,45,48,362,6,False
697,Tyrantrum,Rock,Dragon,82,121,119,69,59,71,521,6,False
698,Amaura,Rock,Ice,77,59,50,67,63,46,362,6,False
699,Aurorus,Rock,Ice,123,77,72,99,92,58,521,6,False
700,Sylveon,Fairy,Fairy,95,65,65,110,130,60,525,6,False
701,Hawlucha,Fighting,Flying,78,92,75,74,63,118,500,6,False
702,Dedenne,Electric,Fairy,67,58,57,81,67,101,431,6,False
703,Carbink,Rock,Fairy,50,50,150,50,150,50,500,6,False
704,Goomy,Dragon,Dragon,45,50,35,55,75,40,300,6,False
705,Sliggoo,Dragon,Dragon,68,75,53,83,113,60,452,6,False
706,Goodra,Dragon,Dragon,90,100,70,110,150,80,600,6,False
707,Klefki,Steel,Fairy,57,80,91,80,87,75,470,6,False
708,Phantump,Ghost,Grass,43,70,48,50,60,38,309,6,False
709,Trevenant,Ghost,Grass,85,110,76,65,82,56,474,6,False
710,Pumpkaboo Average Size,Ghost,Grass,49,66,70,44,55,51,335,6,False
710,Pumpkaboo Small Size,Ghost,Grass,44,66,70,44,55,56,335,6,False
710,Pumpkaboo Large Size,Ghost,Grass,54,66,70,44,55,46,335,6,False
710,Pumpkaboo Super Size,Ghost,Grass,59,66,70,44,55,41,335,6,False
711,Gourgeist Average Size,Ghost,Grass,65,90,122,58,75,84,494,6,False
711,Gourgeist Small Size,Ghost,Grass,55,85,122,58,75,99,494,6,False
711,Gourgeist Large Size,Ghost,Grass,75,95,122,58,75,69,494,6,False
711,Gourgeist Super Size,Ghost,Grass,85,100,122,58,75,54,494,6,False
712,Bergmite,Ice,Ice,55,69,85,32,35,28,304,6,False
713,Avalugg,Ice,Ice,95,117,184,44,46,28,514,6,False
714,Noibat,Flying,Dragon,40,30,35,45,40,55,245,6,False
715,Noivern,Flying,Dragon,85,70,80,97,80,123,535,6,False
716,Xerneas,Fairy,Fairy,126,131,95,131,98,99,680,6,True
717,Yveltal,Dark,Flying,126,131,95,131,98,99,680,6,True
718,Zygarde 10% Forme,Dragon,Ground,54,100,71,61,85,115,486,6,True
718,Zygarde 50% Forme,Dragon,Ground,108,100,121,81,95,95,600,6,True
718,Zygarde Complete Forme,Dragon,Ground,216,100,121,91,95,85,708,6,True
719,Diancie,Rock,Fairy,50,100,150,100,150,50,600,6,True
719,Mega Diancie,Rock,Fairy,50,160,110,160,110,110,700,6,True
720,Hoopa Confined,Psychic,Ghost,80,110,60,150,130,70,600,6,True
720,Hoopa Unbound,Psychic,Dark,80,160,60,170,130,80,680,6,True
721,Volcanion,Fire,Water,80,110,120,130,90,70,600,6,True
722,Rowlet,Grass,Flying,68,55,55,50,50,42,320,7,False
723,Dartrix,Grass,Flying,78,75,75,70,70,52,420,7,False
724,Decidueye,Grass,Ghost,78,107,75,100,100,70,530,7,False
725,Litten,Fire,Fire,45,65,40,60,40,70,320,7,False
726,Torracat,Fire,Fire,65,85,50,80,50,90,420,7,False
727,Incineroar,Fire,Dark,95,115,90,80,90,60,530,7,False
728,Popplio,Water,Water,50,54,54,66,56,40,320,7,False
729,Brionne,Water,Water,60,69,69,91,81,50,420,7,False
730,Primarina,Water,Fairy,80,74,74,126,116,60,530,7,False
731,Pikipek,Normal,Flying,35,75,30,30,30,65,265,7,False
732,Trumbeak,Normal,Flying,55,85,50,40,50,75,355,7,False
733,Toucannon,Normal,Flying,80,120,75,75,75,60,485,7,False
734,Yungoos,Normal,Normal,48,70,30,30,30,45,253,7,False
735,Gumshoos,Normal,Normal,88,110,60,55,60,45,418,7,False
736,Grubbin,Bug,Bug,47,62,45,55,45,46,300,7,False
737,Charjabug,Bug,Electric,57,82,95,55,75,36,400,7,False
738,Vikavolt,Bug,Electric,77,70,90,145,75,43,500,7,False
739,Crabrawler,Fighting,Fighting,47,82,57,42,47,63,338,7,False
740,Crabominable,Fighting,Ice,97,132,77,62,67,43,478,7,False
741,Oricorio Baile Style,Fire,Flying,75,70,70,98,70,93,476,7,False
741,Oricorio Pom-Pom Style,Electric,Flying,75,70,70,98,70,93,476,7,False
741,Oricorio P'au Style,Psychic,Flying,75,70,70,98,70,93,476,7,False
741,Oricorio Sensu Style,Ghost,Flying,75,70,70,98,70,93,476,7,False
742,Cutiefly,Bug,Fairy,40,45,40,55,40,84,304,7,False
743,Ribombee,Bug,Fairy,60,55,60,95,70,124,464,7,False
744,Rockruff,Rock,Rock,45,65,40,30,40,60,280,7,False
745,Lycanroc Midday Forme,Rock,Rock,75,115,65,55,65,112,487,7,False
745,Lycanroc Midnight Forme,Rock,Rock,85,115,75,55,75,82,487,7,False
745,Lycanroc Dusk Forme,Rock,Rock,75,117,65,55,65,110,487,7,False
746,Wishiwashi Solo Forme,Water,Water,45,20,20,25,25,40,175,7,False
746,Wishiwashi School Forme,Water,Water,45,140,130,140,135,30,620,7,False
747,Mareanie,Poison,Water,50,53,62,43,52,45,305,7,False
748,Toxapex,Poison,Water,50,63,152,53,142,35,495,7,False
749,Mudbray,Ground,Ground,70,100,70,45,55,45,385,7,False
750,Mudsdale,Ground,Ground,100,125,100,55,85,35,500,7,False
751,Dewpider,Water,Bug,38,40,52,40,72,27,269,7,False
752,Araquanid,Water,Bug,68,70,92,50,132,42,454,7,False
753,Fomantis,Grass,Grass,40,55,35,50,35,35,250,7,False
754,Lurantis,Grass,Grass,70,105,90,80,90,45,480,7,False
755,Morelull,Grass,Fairy,40,35,55,65,75,15,285,7,False
756,Shiinotic,Grass,Fairy,60,45,80,90,100,30,405,7,False
757,Salandit,Poison,Fire,48,44,40,71,40,77,320,7,False
758,Salazzle,Poison,Fire,68,64,60,111,60,117,480,7,False
759,Stufful,Normal,Fighting,70,75,50,45,50,50,340,7,False
760,Bewear,Normal,Fighting,120,125,80,55,60,60,500,7,False
761,Bounsweet,Grass,Grass,42,30,38,30,38,32,210,7,False
762,Steenee,Grass,Grass,52,40,48,40,48,62,290,7,False
763,Tsareena,Grass,Grass,72,120,98,50,98,72,510,7,False
764,Comfey,Fairy,Fairy,51,52,90,82,110,100,485,7,False
765,Oranguru,Normal,Psychic,90,60,80,90,110,60,490,7,False
766,Passimian,Fighting,Fighting,100,120,90,40,60,80,490,7,False
767,Wimpod,Bug,Water,25,35,40,20,30,80,230,7,False
768,Golisopod,Bug,Water,75,125,140,60,90,40,530,7,False
769,Sandygast,Ghost,Ground,55,55,80,70,45,15,320,7,False
770,Palossand,Ghost,Ground,85,75,110,100,75,35,480,7,False
771,Pyukumuku,Water,Water,55,60,130,30,130,5,410,7,False
772,Type: Null,Normal,Normal,95,95,95,95,95,59,534,7,False
773,Silvally,Normal,Normal,95,95,95,95,95,95,570,7,False
774,Minior Meteor Forme,Rock,Flying,60,60,100,60,100,60,440,7,False
774,Minior Core Forme,Rock,Flying,60,100,60,100,60,120,500,7,False
775,Komala,Normal,Normal,65,115,65,75,95,65,480,7,False
776,Turtonator,Fire,Dragon,60,78,135,91,85,36,485,7,False
777,Togedemaru,Electric,Steel,65,98,63,40,73,96,435,7,False
778,Mimikyu,Ghost,Fairy,55,90,80,50,105,96,476,7,False
779,Bruxish,Water,Psychic,68,105,70,70,70,92,475,7,False
780,Drampa,Normal,Dragon,78,60,85,135,91,36,485,7,False
781,Dhelmise,Ghost,Grass,70,131,100,86,90,40,517,7,False
782,Jangmo-o,Dragon,Dragon,45,55,65,45,45,45,300,7,False
783,Hakamo-o,Dragon,Fighting,55,75,90,65,70,65,420,7,False
784,Kommo-o,Dragon,Fighting,75,110,125,100,105,85,600,7,False
785,Tapu Koko,Electric,Fairy,70,115,85,95,75,130,570,7,True
786,Tapu Lele,Psychic,Fairy,70,85,75,130,115,95,570,7,True
787,Tapu Bulu,Grass,Fairy,70,130,115,85,95,75,570,7,True
788,Tapu Fini,Water,Fairy,70,75,115,95,130,85,570,7,True
789,Cosmog,Psychic,Psychic,43,29,31,29,31,37,200,7,True
790,Cosmoem,Psychic,Psychic,43,29,131,29,131,37,400,7,True
791,Solgaleo,Psychic,Steel,137,137,107,113,89,97,680,7,True
792,Lunala,Psychic,Ghost,137,113,89,137,107,97,680,7,True
793,Nihilego,Rock,Poison,109,53,47,127,131,103,570,7,False
794,Buzzwole,Bug,Fighting,107,139,139,53,53,79,570,7,False
795,Pheromosa,Bug,Fighting,71,137,37,137,37,151,570,7,False
796,Xurkitree,Electric,Electric,83,89,71,173,71,83,570,7,False
797,Celesteela,Steel,Flying,97,101,103,107,101,61,570,7,False
798,Kartana,Grass,Steel,59,181,131,59,31,109,570,7,False
799,Guzzlord,Dark,Dragon,223,101,53,97,53,43,570,7,False
800,Necrozma,Psychic,Psychic,97,107,101,127,89,79,600,7,True
800,Dusk Mane Necrozma,Psychic,Steel,97,157,127,113,109,77,680,7,True
800,Dawn Wings Necrozma,Psychic,Ghost,97,113,109,157,127,77,680,7,True
800,Ultra Necrozma,Psychic,Dragon,97,167,97,167,97,129,754,7,True
801,Magearna,Steel,Fairy,80,95,115,130,115,65,600,7,True
802,Marshadow,Fighting,Ghost,90,125,80,90,90,125,600,7,True
803,Poipole,Poison,Poison,67,73,67,73,67,73,420,7,False
804,Naganadel,Poison,Dragon,73,73,73,127,73,121,540,7,False
805,Stakataka,Rock,Steel,61,131,211,53,101,13,570,7,False
806,Blacephalon,Fire,Ghost,53,127,53,151,79,107,570,7,False
807,Zeraora,Electric,Electric,88,112,75,102,80,143,600,7,True
808,Meltan,Steel,Steel,46,65,65,55,35,34,300,0,True
809,Melmetal,Steel,Steel,135,143,143,80,65,34,600,0,True
809,Gigantamax Melmetal,Steel,Steel,135,143,143,80,65,34,600,0,True
810,Grookey,Grass,Grass,50,65,50,40,40,65,310,8,False
811,Thwackey,Grass,Grass,70,85,70,55,60,80,420,8,False
812,Rillaboom,Grass,Grass,100,125,90,60,70,85,530,8,False
812,Gigantamax Rillaboom,Grass,Grass,100,125,90,60,70,85,530,8,False
813,Scorbunny,Fire,Fire,50,71,40,40,40,69,310,8,False
814,Raboot,Fire,Fire,65,86,60,55,60,94,420,8,False
815,Cinderace,Fire,Fire,80,116,75,65,75,119,530,8,False
815,Gigantamax Cinderace,Fire,Fire,80,116,75,65,75,119,530,8,False
816,Sobble,Water,Water,50,40,40,70,40,70,310,8,False
817,Drizzile,Water,Water,65,60,55,95,55,90,420,8,False
818,Inteleon,Water,Water,70,85,65,125,65,120,530,8,False
818,Gigantamax Inteleon,Water,Water,70,85,65,125,65,120,530,8,False
819,Skwovet,Normal,Normal,70,55,55,35,35,25,275,8,False
820,Greedent,Normal,Normal,120,95,95,55,75,20,460,8,False
821,Rookidee,Flying,Flying,38,47,35,33,35,57,245,8,False
822,Corvisquire,Flying,Flying,68,67,55,43,55,77,365,8,False
823,Corviknight,Flying,Steel,98,87,105,53,85,67,495,8,False
823,Gigantamax Corviknight,Flying,Steel,98,87,105,53,85,67,495,8,False
824,Blipbug,Bug,Bug,25,20,20,25,45,45,180,8,False
825,Dottler,Bug,Psychic,50,35,80,50,90,30,335,8,False
826,Orbeetle,Bug,Psychic,60,45,110,80,120,90,505,8,False
826,Gigantamax Orbeetle,Bug,Psychic,60,45,110,80,120,90,505,8,False
827,Nickit,Dark,Dark,40,28,28,47,52,50,245,8,False
828,Thievul,Dark,Dark,70,58,58,87,92,90,455,8,False
829,Gossifleur,Grass,Grass,40,40,60,40,60,10,250,8,False
830,Eldegoss,Graass,Graass,60,50,90,80,120,60,460,8,False
831,Wooloo,Normal,Normal,42,40,55,40,45,48,270,8,False
832,Dubwool,Normal,Normal,72,80,100,60,90,88,490,8,False
833,Chewtle,Water,Water,50,64,50,38,38,44,284,8,False
834,Drednaw,Water,Rock,90,115,90,48,68,74,485,8,False
834,Gigantamax Drednaw,Water,Rock,90,115,90,48,68,74,485,8,False
835,Yamper,Electric,Electric,59,45,50,40,50,26,270,8,False
836,Boltund,Electric,Electric,69,90,60,90,60,121,490,8,False
837,Rolycoly,Rock,Rock,30,40,50,40,50,30,240,8,False
838,Carkol,Rock,Fire,80,60,90,60,70,50,410,8,False
839,Coalossal,Rock,Fire,110,80,120,80,90,30,510,8,False
839,Gigantamax Coalossal,Rock,Fire,110,80,120,80,90,30,510,8,False
840,Applin,Grass,Dragon,40,40,80,40,40,20,260,8,False
841,Flapple,Grass,Dragon,70,110,80,95,60,70,485,8,False
841,Gigantamax Flapple,Grass,Dragon,70,110,80,95,60,70,485,8,False
842,Appletun,Grass,Dragon,110,85,80,100,80,30,485,8,False
842,Gigantamax Appletun,Grass,Dragon,110,85,80,100,80,30,485,8,False
843,Silicobra,Ground,Ground,52,57,75,35,50,46,315,8,False
844,Sandaconda,Ground,Ground,72,107,125,65,70,71,510,8,False
844,Gigantamax Sandaconda,Ground,Ground,72,107,125,65,70,71,510,8,False
845,Cramorant,Flying,Water,70,85,55,85,95,85,475,8,False
846,Arrokuda,Water,Water,41,63,40,40,30,66,280,8,False
847,Barraskewda,Water,Water,61,123,60,60,50,136,490,8,False
848,Toxel,Electric,Poison,40,38,35,54,35,40,242,8,False
849,Toxtricity Amped Forme,Electric,Poison,75,98,70,114,70,75,502,8,False
849,Toxitricity Low Key Forme,Electric,Poison,75,98,70,114,70,75,502,8,False
849,Gigantamax Toxitricity,Electric,Poison,75,98,70,114,70,75,502,8,False
850,Sizzlipede,Fire,Bug,50,65,45,50,50,45,305,8,False
851,Centiskorch,Fire,Bug,100,115,65,90,90,65,525,8,False
851,Gigantamax Centiskorch,Fire,Bug,100,115,65,90,90,65,525,8,False
852,Clobbopus,Fighting,Fighting,50,68,60,50,50,32,310,8,False
853,Grapploct,Fighting,Fighting,80,118,90,70,80,42,480,8,False
854,Sinistea,Ghost,Ghost,40,45,45,74,54,50,308,8,False
855,Polteageist,Ghost,Ghost,60,65,65,134,114,70,508,8,False
856,Hatenna,Psychic,Psychic,42,30,45,56,53,39,265,8,False
857,Hattrem,Psychic,Psychic,57,40,65,86,73,49,370,8,False
858,Hatterene,Psychic,Fairy,57,90,95,136,103,29,510,8,False
858,Gigantamax Hatterene,Psychic,Fairy,57,90,95,136,103,29,510,8,False
859,Impidimp,Dark,Fairy,45,45,30,55,40,50,265,8,False
860,Morgrem,Dark,Fairy,65,60,45,75,55,70,370,8,False
861,Grimmsnarl,Dark,Fairy,95,120,65,95,75,60,510,8,False
861,Gigantamax Grimmsnarl,Dark,Fairy,95,120,65,95,75,60,510,8,False
862,Obstagoon,Dark,Normal,93,90,101,60,81,95,520,8,False
863,Perrserker,Steel,Steel,70,110,100,50,60,50,440,8,False
864,Cursola,Ghost,Ghost,60,95,50,145,130,30,510,8,False
865,Sirfetch'd,Fighting,Fighting,62,135,95,68,82,65,507,8,False
866,Mr. Rime,Ice,Psychic,80,85,75,110,100,70,520,8,False
867,Runerigus,Ground,Ghost,58,95,145,50,105,30,483,8,False
868,Milcery,Fairy,Fairy,45,40,40,50,61,34,270,8,False
869,Alcremie,Fairy,Fairy,65,60,75,110,121,64,495,8,False
869,Gigantamax Alcremie,Fairy,Fairy,65,60,75,110,121,64,495,8,False
870,Falinks,Fighting,Fighting,65,100,100,70,60,75,470,8,False
871,Pincurchin,Electric,Electric,48,101,95,91,85,15,435,8,False
872,Snom,Ice,Bug,30,25,35,45,30,20,185,8,False
873,Frosmoth,Ice,Bug,70,65,60,125,90,65,475,8,False
874,Stonjourner,Rock,Rock,100,125,135,20,20,70,470,8,False
875,Eiscue Ice Face,Ice,Ice,75,80,110,65,90,50,470,8,False
875,Eiscue Noice Face,Ice,Ice,75,80,70,65,50,130,470,8,False
876,Indeedee Male,Psychic,Normal,60,65,55,105,95,95,475,8,False
876,Indeedee Female,Psychic,Normal,70,55,65,95,105,85,475,8,False
877,Morpeko Full Belly Mode,Electric,Dark,58,95,58,70,58,97,436,8,False
877,Morpeko Hangry Mode,Electric,Dark,58,95,58,70,58,97,436,8,False
878,Cufant,Steel,Steel,72,80,49,40,49,40,330,8,False
879,Copperajah,Steel,Steel,122,130,69,80,69,30,500,8,False
879,Gigantamax Copperajah,Steel,Steel,122,130,69,80,69,30,500,8,False
880,Dracozolt,Electric,Dragon,90,100,90,80,70,75,505,8,False
881,Arctozolt,Electric,Ice,90,100,90,90,80,55,505,8,False
882,Dracovish,Water,Dragon,90,90,100,70,80,75,505,8,False
883,Arctovish,Water,Ice,90,90,100,80,90,55,505,8,False
884,Duraludon,Steel,Dragon,70,95,115,120,50,85,535,8,False
884,Gigantamax Duraludon,Steel,Dragon,70,95,115,120,50,85,535,8,False
885,Dreepy,Dragon,Ghost,28,60,30,40,30,82,270,8,False
886,Drakloak,Dragon,Ghost,68,80,50,60,50,102,410,8,False
887,Dragapult,Dragon,Ghost,88,120,75,100,75,142,600,8,False
888,Zacian Hero of Many Battles,Fairy,Fairy,92,130,115,80,115,138,670,8,True
888,Zacian Crowned Sword Forme,Fairy,Steel,92,170,115,80,115,148,720,8,True
889,Zamazenta Hero of Many Battles,Fighting,Fighting,92,130,115,80,115,138,670,8,True
889,Zamazenta Crowned Sheild Forme,Fighting,Steel,92,130,145,80,145,128,720,8,True
890,Eternatus,Poison,Dragon,140,85,95,145,95,130,690,8,True
890,Eternamax Eternatus,Poison,Dragon,255,115,250,125,250,130,1125,8,True
891,Kubfu,Fighting,Fighting,60,90,60,53,50,72,385,8,True
892,Urshifu Single Strike Style,Fighting,Dark,100,130,100,63,60,97,550,8,True
892,Gigantamax Urshifu Single Strike Style,Fighting,Dark,100,130,100,63,60,97,550,8,True
892,Urshifu Rapid Strike Style,Fighting,Water,100,130,100,63,60,97,550,8,True
892,Gigantamax Urshifu Rapid Strike Style,Fighting,Water,100,130,100,63,60,97,550,8,True
893,Zarude,Dark,Grass,105,120,105,70,95,105,600,8,True
893,Dada Zarude,Dark,Grass,105,120,105,70,95,105,600,8,True
894,Regieleki,Electric,Electric,80,100,50,100,50,200,580,8,True
895,Regidrago,Dragon,Dragon,200,100,50,100,50,80,580,8,True
896,Glastrier,Ice,Ice,100,145,130,65,110,30,580,8,True
897,Spectrier,Ghost,Ghost,100,65,60,145,80,130,580,8,True
898,Calyrex,Psychic,Grass,100,80,80,80,80,80,500,8,True
898,Ice Rider Calyrex,Psychic,Ice,100,165,150,85,130,50,680,8,True
898,Shadow Rider Calyrex,Psychic,Ghost,100,85,80,165,100,150,680,8,True
